<Extensions>
  <Version>1.7</Version>
  <Panel>
    <Order>2</Order>
    <PanelId>CameraPresets</PanelId>
    <Origin>local</Origin>
    <Type>Statusbar</Type>
    <Icon>Camera</Icon>
    <Color>#FF503C</Color>
    <Name>Camera Presets</Name>
    <ActivityType>Custom</ActivityType>
    <Page>
      <Name>&gt; Camera&lt;</Name>
      <Row>
        <Name>Active Camera Selection</Name>
        <Widget>
          <WidgetId>CamSelect</WidgetId>
          <Type>GroupButton</Type>
          <Options>size=4</Options>
          <ValueSpace>
            <Value>
              <Key>Cam1</Key>
              <Name>Camera 1</Name>
            </Value>
            <Value>
              <Key>Cam2</Key>
              <Name>Camera 2</Name>
            </Value>
            <Value>
              <Key>Cam3</Key>
              <Name>Camera 3</Name>
            </Value>
          </ValueSpace>
        </Widget>
      </Row>
      <Row>
        <Name>Presets  LongPress=Save</Name>
        <Widget>
          <WidgetId>Preset</WidgetId>
          <Type>GroupButton</Type>
          <Options>size=4;columns=3</Options>
          <ValueSpace>
            <Value>
              <Key>5</Key>
              <Name>1A</Name>
            </Value>
            <Value>
              <Key>6</Key>
              <Name>2A</Name>
            </Value>
            <Value>
              <Key>7</Key>
              <Name>3A</Name>
            </Value>
            <Value>
              <Key>8</Key>
              <Name>1B</Name>
            </Value>
            <Value>
              <Key>9</Key>
              <Name>2B</Name>
            </Value>
            <Value>
              <Key>10</Key>
              <Name>3B</Name>
            </Value>
            <Value>
              <Key>11</Key>
              <Name>1C</Name>
            </Value>
            <Value>
              <Key>12</Key>
              <Name>2C</Name>
            </Value>
            <Value>
              <Key>13</Key>
              <Name>3C</Name>
            </Value>
          </ValueSpace>
        </Widget>
      </Row>
      <Row>
        <Name>Cam view Position</Name>
        <Widget>
          <WidgetId>NESW</WidgetId>
          <Name>:-)</Name>
          <Type>DirectionalPad</Type>
          <Options>size=4</Options>
        </Widget>
      </Row>
      <Row>
        <Name>Zoom</Name>
        <Widget>
          <WidgetId>Zoom</WidgetId>
          <Type>Spinner</Type>
          <Options>size=2;style=plusminus</Options>
        </Widget>
        <Widget>
          <WidgetId>eggtext</WidgetId>
          <Name/>
          <Type>Text</Type>
          <Options>size=1;fontSize=normal;align=center</Options>
        </Widget>
      </Row>
      <PageId>CamPresets</PageId>
      <Options/>
    </Page>
    <Page>
      <Name>Focus</Name>
      <Row>
        <Name>AutoFocus both   On/Off</Name>
        <Widget>
          <WidgetId>Autofocus</WidgetId>
          <Type>ToggleButton</Type>
          <Options>size=1</Options>
        </Widget>
        <Widget>
          <WidgetId>widget_21</WidgetId>
          <Type>Spacer</Type>
          <Options>size=3</Options>
        </Widget>
      </Row>
      <Row>
        <Name>Focus Step Speed</Name>
        <Widget>
          <WidgetId>fspeed</WidgetId>
          <Type>GroupButton</Type>
          <Options>size=4;columns=4</Options>
          <ValueSpace>
            <Value>
              <Key>100</Key>
              <Name>100x</Name>
            </Value>
            <Value>
              <Key>10</Key>
              <Name>10x</Name>
            </Value>
            <Value>
              <Key>1</Key>
              <Name>1x</Name>
            </Value>
          </ValueSpace>
        </Widget>
        <Widget>
          <WidgetId>widget_14</WidgetId>
          <Name>Focus Dist</Name>
          <Type>Text</Type>
          <Options>size=1;fontSize=small;align=center</Options>
        </Widget>
        <Widget>
          <WidgetId>Focusset</WidgetId>
          <Type>Spinner</Type>
          <Options>size=2;style=plusminus</Options>
        </Widget>
      </Row>
      <Row>
        <Name/>
      </Row>
      <Row>
        <Name>Zoom</Name>
        <Widget>
          <WidgetId>widget_30</WidgetId>
          <Type>Spinner</Type>
          <Options>size=2;style=plusminus</Options>
        </Widget>
      </Row>
      <PageId>Focus</PageId>
      <Options/>
    </Page>
    <Page>
      <Name>Bright</Name>
      <Row>
        <Name>Brightness both On/Off</Name>
        <Widget>
          <WidgetId>bright</WidgetId>
          <Type>ToggleButton</Type>
          <Options>size=1</Options>
        </Widget>
        <Widget>
          <WidgetId>widget_22</WidgetId>
          <Type>Spacer</Type>
          <Options>size=3</Options>
        </Widget>
      </Row>
      <Row>
        <Name>Brightness</Name>
        <Widget>
          <WidgetId>brightset</WidgetId>
          <Type>Slider</Type>
          <Options>size=3</Options>
        </Widget>
        <Widget>
          <WidgetId>brtext</WidgetId>
          <Name>Text</Name>
          <Type>Text</Type>
          <Options>size=1;fontSize=normal;align=center</Options>
        </Widget>
      </Row>
      <PageId>Brightness</PageId>
      <Options/>
    </Page>
    <Page>
      <Name>WB</Name>
      <Row>
        <Name>WhiteBalance bothOn/Off</Name>
        <Widget>
          <WidgetId>Whitebalance</WidgetId>
          <Type>ToggleButton</Type>
          <Options>size=1</Options>
        </Widget>
        <Widget>
          <WidgetId>widget_20</WidgetId>
          <Type>Spacer</Type>
          <Options>size=3</Options>
        </Widget>
      </Row>
      <Row>
        <Name>White Balance</Name>
        <Widget>
          <WidgetId>wbset</WidgetId>
          <Type>Slider</Type>
          <Options>size=3</Options>
        </Widget>
        <Widget>
          <WidgetId>wbtext</WidgetId>
          <Name>Text</Name>
          <Type>Text</Type>
          <Options>size=1;fontSize=normal;align=center</Options>
        </Widget>
      </Row>
      <PageId>Whitebalance</PageId>
      <Options>hideRowNames=0</Options>
    </Page>
    <Page>
      <Name>Settings</Name>
      <Row>
        <Name>Selfview</Name>
        <Widget>
          <WidgetId>SelfView</WidgetId>
          <Type>ToggleButton</Type>
          <Options>size=1</Options>
        </Widget>
        <Widget>
          <WidgetId>widget_26</WidgetId>
          <Type>Spacer</Type>
          <Options>size=3</Options>
        </Widget>
      </Row>
      <Row>
        <Name>Auto Standby</Name>
        <Widget>
          <WidgetId>standby</WidgetId>
          <Type>ToggleButton</Type>
          <Options>size=1</Options>
        </Widget>
        <Widget>
          <WidgetId>widget_48</WidgetId>
          <Name>UltraSonic</Name>
          <Type>Text</Type>
          <Options>size=2;fontSize=normal;align=right</Options>
        </Widget>
        <Widget>
          <WidgetId>ultrasonic</WidgetId>
          <Type>ToggleButton</Type>
          <Options>size=1</Options>
        </Widget>
      </Row>
      <Row>
        <Name>Egg Cam Position</Name>
        <Widget>
          <WidgetId>eggsuggestion</WidgetId>
          <Name>Cam Suggest</Name>
          <Type>Button</Type>
          <Options>size=2</Options>
        </Widget>
        <Widget>
          <WidgetId>widget_29</WidgetId>
          <Type>Spacer</Type>
          <Options>size=2</Options>
        </Widget>
      </Row>
      <Row>
        <Name>Destuctive &gt;&gt;</Name>
        <Widget>
          <WidgetId>ClearAll</WidgetId>
          <Name>!! Clear All Presets !!</Name>
          <Type>Button</Type>
          <Options>size=2</Options>
        </Widget>
        <Widget>
          <WidgetId>widget_25</WidgetId>
          <Type>Spacer</Type>
          <Options>size=2</Options>
        </Widget>
      </Row>
      <PageId>Settings</PageId>
      <Options/>
    </Page>
  </Panel>
</Extensions>
